Status,Trade_Count,Total_Amount,Avg_Delay
Failed,14,313689.73,0.9285714285714286
Pending,17,452612.98,0.9411764705882353
Settled,69,1921297.86,1.0
